Id,First Name,Last Name,Username,Email,Avatar,Gender,Date of Birth,Address
6407,Agnus,Bergstrom,agnus.bergstrom,agnus.bergstrom@email.com,https://robohash.org/ipsaettotam.png?size=300x300&set=set1,Agender,1987-07-25,"{'city': 'East Melonieburgh', 'street_name': 'Melania Route', 'street_address': '8954 Rath Trace', 'zip_code': '05662-9907', 'state': 'Georgia', 'country': 'United States', 'coordinates': {'lat': 89.89025698423208, 'lng': 36.00888584652998}}"
5340,Annabell,Nikolaus,annabell.nikolaus,annabell.nikolaus@email.com,https://robohash.org/voluptatummodiexpedita.png?size=300x300&set=set1,Female,1966-02-20,"{'city': 'Doyleberg', 'street_name': 'Farrah Springs', 'street_address': '5988 Emanuel Walks', 'zip_code': '33927-4408', 'state': 'Missouri', 'country': 'United States', 'coordinates': {'lat': -70.00834053195034, 'lng': 4.118838682596078}}"
4434,Augustus,Prosacco,augustus.prosacco,augustus.prosacco@email.com,https://robohash.org/itaqueametadipisci.png?size=300x300&set=set1,Female,2004-02-07,"{'city': 'Keeblerville', 'street_name': 'Ervin Parkways', 'street_address': '6927 Arnold Skyway', 'zip_code': '93801-7301', 'state': 'New York', 'country': 'United States', 'coordinates': {'lat': -5.035369810483786, 'lng': -99.97365717415312}}"
5275,Darci,Bayer,darci.bayer,darci.bayer@email.com,https://robohash.org/temporeiuretotam.png?size=300x300&set=set1,Male,2003-02-05,"{'city': 'Bartonview', 'street_name': 'Ebonie Crossroad', 'street_address': '8413 Greenfelder Cove', 'zip_code': '19913', 'state': 'Utah', 'country': 'United States', 'coordinates': {'lat': -26.63096988637693, 'lng': -172.68429342703394}}"
682,Delinda,Quigley,delinda.quigley,delinda.quigley@email.com,https://robohash.org/quaeexcepturirepudiandae.png?size=300x300&set=set1,Polygender,2000-02-12,"{'city': 'New Karrenbury', 'street_name': 'Renner Summit', 'street_address': '251 Hodkiewicz Trail', 'zip_code': '48658', 'state': 'Louisiana', 'country': 'United States', 'coordinates': {'lat': 6.699936647375466, 'lng': 152.0792467726195}}"
3213,Emerson,Ledner,emerson.ledner,emerson.ledner@email.com,https://robohash.org/deseruntipsamrepellendus.png?size=300x300&set=set1,Genderqueer,1991-07-11,"{'city': 'Omarstad', 'street_name': 'Feeney Village', 'street_address': '133 Lora Way', 'zip_code': '08381', 'state': 'Connecticut', 'country': 'United States', 'coordinates': {'lat': 53.20538678576344, 'lng': 103.99128426947215}}"
5173,Hosea,Cassin,hosea.cassin,hosea.cassin@email.com,https://robohash.org/faceredoloremrerum.png?size=300x300&set=set1,Polygender,1974-10-15,"{'city': 'East Graig', 'street_name': 'Nikolaus Cove', 'street_address': '969 Kareem Junctions', 'zip_code': '68038', 'state': 'New Mexico', 'country': 'United States', 'coordinates': {'lat': 25.112067002879783, 'lng': -169.65713816203197}}"
7630,Ilona,Hilll,ilona.hilll,ilona.hilll@email.com,https://robohash.org/sintquiaquisquam.png?size=300x300&set=set1,Bigender,1982-11-28,"{'city': 'Farrellfort', 'street_name': 'Crist Road', 'street_address': '78723 Tory Forges', 'zip_code': '90612-3970', 'state': 'Kentucky', 'country': 'United States', 'coordinates': {'lat': -83.20906266237245, 'lng': 63.443540875039474}}"
6421,Launa,Kunze,launa.kunze,launa.kunze@email.com,https://robohash.org/magnieosvoluptatem.png?size=300x300&set=set1,Agender,1968-03-08,"{'city': 'Lake Lavonaton', 'street_name': 'Stiedemann Parkway', 'street_address': '130 Schmeler Canyon', 'zip_code': '22331', 'state': 'Idaho', 'country': 'United States', 'coordinates': {'lat': 73.5922582917818, 'lng': 82.7581102588598}}"
8737,Terry,Crooks,terry.crooks,terry.crooks@email.com,https://robohash.org/quasiundeest.png?size=300x300&set=set1,Non-binary,1970-03-10,"{'city': 'Fredericfort', 'street_name': 'Bobby Turnpike', 'street_address': '58368 Leopoldo Ways', 'zip_code': '57202', 'state': 'California', 'country': 'United States', 'coordinates': {'lat': 65.48471518027168, 'lng': -123.05085065248218}}"
